{"cameraMode":{"drawMode":0,"name":"Shaded","section":"Shading Mode"},"sceneLighting":true,"audioPlay":false,"sceneViewState":{"showFog":false,"showMaterialUpdate":false,"showSkybox":false,"showFlares":false,"showImageEffects":false,"showParticleSystems":false},"in2DMode":false,"pivot":{"x":-31.97016143798828,"y":-28.220489501953126,"z":46.06634521484375},"rotation":{"x":0.45690029859542849,"y":-0.4425022602081299,"z":0.2813868522644043,"w":0.7185109257698059},"size":110.08853912353516,"orthographic":false}