{"cameraMode":{"drawMode":0,"name":"Shaded","section":"Shading Mode"},"sceneLighting":true,"audioPlay":false,"sceneViewState":{"showFog":false,"showMaterialUpdate":false,"showSkybox":false,"showFlares":false,"showImageEffects":false,"showParticleSystems":false},"in2DMode":false,"pivot":{"x":5.773027420043945,"y":-177.2754669189453,"z":-52.50917053222656},"rotation":{"x":0.4660327732563019,"y":0.5307907462120056,"z":-0.45909664034843447,"w":0.5388089418411255},"size":157.16571044921876,"orthographic":false}