{"cameraMode":{"drawMode":0,"name":"Shaded","section":"Shading Mode"},"sceneLighting":true,"audioPlay":false,"sceneViewState":{"showFog":false,"showMaterialUpdate":false,"showSkybox":false,"showFlares":false,"showImageEffects":false,"showParticleSystems":false},"in2DMode":false,"pivot":{"x":-12.565940856933594,"y":3.998135566711426,"z":0.44936585426330569},"rotation":{"x":-0.148538276553154,"y":0.7245565056800842,"z":-0.16493062674999238,"w":-0.6525894403457642},"size":13.200348854064942,"orthographic":false}