{"cameraMode":{"drawMode":0,"name":"Shaded","section":"Shading Mode"},"sceneLighting":true,"audioPlay":false,"sceneViewState":{"showFog":false,"showMaterialUpdate":false,"showSkybox":false,"showFlares":false,"showImageEffects":false,"showParticleSystems":false},"in2DMode":false,"pivot":{"x":173.52488708496095,"y":211.42568969726563,"z":-67.96946716308594},"rotation":{"x":0.6797115802764893,"y":0.11358476430177689,"z":-0.10773909091949463,"w":0.7165822386741638},"size":125.09603881835938,"orthographic":false}