{"cameraMode":{"drawMode":0,"name":"Shaded","section":"Shading Mode"},"sceneLighting":true,"audioPlay":false,"sceneViewState":{"showFog":false,"showMaterialUpdate":false,"showSkybox":false,"showFlares":false,"showImageEffects":false,"showParticleSystems":false},"in2DMode":false,"pivot":{"x":-15.526623725891114,"y":-29.538692474365236,"z":-36.18855285644531},"rotation":{"x":0.4795999526977539,"y":-0.5200917720794678,"z":0.5120475888252258,"w":0.48714667558670046},"size":30.007221221923829,"orthographic":false}